City_ID,City,Country,Lat,Lng,Max Temp,Humidity,Cloudiness,Wind Speed,Current Description
0,Mount Isa,AU,-20.7333,139.5,82.17,17,7,5.75,clear sky
1,Kahului,US,20.8947,-156.47,80.62,71,20,23.02,few clouds
2,Hoa Binh,VN,20.8133,105.3383,87.93,69,88,3.76,light rain
3,Hermanus,ZA,-34.4187,19.2345,57.51,78,94,12.55,overcast clouds
4,Chuy,UY,-33.6971,-53.4616,45.05,79,0,6.51,clear sky
5,Sao Joao Da Barra,BR,-21.6403,-41.0511,70.92,92,62,11.83,broken clouds
6,Coahuayana,MX,18.7333,-103.6833,78.84,84,92,1.83,overcast clouds
7,Arraial Do Cabo,BR,-22.9661,-42.0278,69.58,93,100,17.65,overcast clouds
8,Puerto Ayora,EC,-0.7393,-90.3518,68.56,91,89,5.99,overcast clouds
9,Ixtapa,MX,20.7,-105.2,81.23,83,40,3.44,scattered clouds
10,Vaini,TO,-21.2,-175.2,78.96,94,75,9.22,broken clouds
11,Pevek,RU,69.7008,170.3133,41.0,100,100,4.03,overcast clouds
12,Delray Beach,US,26.4615,-80.0728,86.0,83,0,10.36,clear sky
13,Jamestown,US,42.097,-79.2353,64.71,73,100,1.01,overcast clouds
14,Soto La Marina,MX,23.7667,-98.2167,77.77,84,59,6.53,broken clouds
15,Palmer,US,42.1584,-72.3287,75.06,68,100,6.91,overcast clouds
16,Dikson,RU,73.5069,80.5464,40.23,83,100,14.94,overcast clouds
17,San Carlos De Bariloche,AR,-41.1456,-71.3082,32.25,86,0,4.61,clear sky
18,Upernavik,GL,72.7868,-56.1549,40.6,94,100,18.25,light rain
19,Wanparti,IN,16.3667,78.0667,76.23,78,99,17.63,overcast clouds
20,Camana,PE,-16.6228,-72.7111,59.92,82,58,5.53,broken clouds
21,Port Elizabeth,ZA,-33.918,25.5701,58.32,91,0,16.11,clear sky
22,Mataura,NZ,-46.1927,168.8643,46.47,73,100,2.48,overcast clouds
23,Rikitea,PF,-23.1203,-134.9692,73.53,79,100,17.85,overcast clouds
24,New Norfolk,AU,-42.7826,147.0587,55.92,36,15,3.98,few clouds
25,Bredasdorp,ZA,-34.5322,20.0403,53.69,70,92,8.14,overcast clouds
26,Nguru,NG,12.8791,10.4526,78.87,67,27,9.37,scattered clouds
27,Kapaa,US,22.0752,-159.319,82.38,91,100,16.11,light rain
28,Paungde,MM,18.4833,95.5,76.66,90,100,8.25,light rain
29,Warrnambool,AU,-38.3833,142.4833,53.06,64,100,19.33,overcast clouds
30,Constitucion,CL,-35.3333,-72.4167,49.95,61,100,3.69,overcast clouds
31,Aktanysh,RU,55.7216,54.0829,73.63,68,100,2.62,overcast clouds
32,Ushuaia,AR,-54.8,-68.3,40.66,81,20,6.91,few clouds
33,Cabo San Lucas,MX,22.8909,-109.9124,86.5,73,99,1.99,overcast clouds
34,Samarai,PG,-10.6167,150.6667,78.8,79,100,20.33,overcast clouds
35,Xiuyan,CN,40.2928,123.2744,80.11,61,0,6.22,clear sky
36,Liaoyang,CN,41.2719,123.1731,86.32,57,0,11.72,clear sky
37,Pacific Grove,US,36.6177,-121.9166,64.81,86,0,3.44,clear sky
38,Dakar,SN,14.6937,-17.4441,79.68,82,25,12.73,scattered clouds
39,San Pedro,PH,14.35,121.0167,89.35,66,75,10.36,broken clouds
40,Daru,PG,-9.0763,143.2092,77.63,81,97,18.63,overcast clouds
41,Labuhan,ID,-6.8844,112.2051,88.95,55,94,6.33,overcast clouds
42,Danville,US,36.586,-79.395,77.02,91,0,4.61,clear sky
43,Camacha,PT,33.0833,-16.3333,67.42,73,40,13.8,scattered clouds
44,Wanning,CN,18.8003,110.3967,76.86,94,100,3.96,light rain
45,Busselton,AU,-33.65,115.3333,59.14,66,85,13.22,overcast clouds
46,Saint-Augustin,CA,51.226,-58.6502,56.5,88,23,3.4,few clouds
47,Punta Arenas,CL,-53.15,-70.9167,39.31,87,75,12.66,broken clouds
48,Sao Miguel Do Araguaia,BR,-13.275,-50.1628,79.3,37,56,10.96,broken clouds
49,Kindu,CD,-2.95,25.95,69.49,53,61,1.23,broken clouds
50,Lagoa,PT,39.05,-27.9833,70.66,81,40,9.86,scattered clouds
51,Palana,RU,59.1167,159.9667,57.96,69,100,1.63,overcast clouds
52,Castro,BR,-24.7911,-50.0119,51.15,95,100,10.02,overcast clouds
53,Ponta Do Sol,PT,32.6667,-17.1,70.72,86,16,7.25,few clouds
54,Carutapera,BR,-1.195,-46.02,75.18,90,21,6.51,few clouds
55,Fortuna,US,40.5982,-124.1573,61.66,88,0,3.44,clear sky
56,Ewa Beach,US,21.3156,-158.0072,82.35,66,0,11.5,clear sky
57,Longyearbyen,SJ,78.2186,15.6401,46.24,81,75,0.0,broken clouds
58,Port Alfred,ZA,-33.5906,26.891,57.18,91,50,7.0,scattered clouds
59,Dhana,IN,23.75,78.85,81.73,78,100,14.43,overcast clouds
60,Mar Del Plata,AR,-38.0023,-57.5575,43.88,91,0,5.75,clear sky
61,Bluff,NZ,-46.6,168.3333,46.8,78,91,9.46,light rain
62,Los Llanos De Aridane,ES,28.6585,-17.9182,69.12,76,100,13.8,overcast clouds
63,Dwarka,IN,22.2394,68.9678,85.14,78,100,13.67,overcast clouds
64,Havre-Saint-Pierre,CA,50.2334,-63.5986,51.8,87,0,4.61,clear sky
65,Cape Town,ZA,-33.9258,18.4232,56.1,91,75,17.27,heavy intensity drizzle
66,Mpongwe,ZM,-13.5091,28.155,55.94,47,0,4.36,clear sky
67,Takoradi,GH,4.8845,-1.7554,72.7,91,60,8.1,broken clouds
68,Khatanga,RU,71.9667,102.5,59.23,53,92,18.45,light rain
69,Torbay,CA,47.6666,-52.7314,57.58,95,100,25.32,light rain
70,Richards Bay,ZA,-28.783,32.0377,62.04,86,0,8.55,clear sky
71,Krutinka,RU,56.0055,71.5113,66.58,80,100,9.01,overcast clouds
72,Hobart,AU,-42.8794,147.3294,56.26,54,20,10.36,few clouds
73,Esperance,AU,-33.8667,121.9,55.47,69,89,25.93,light rain
74,Monte Alegre,BR,-2.0078,-54.0692,74.89,59,19,4.7,few clouds
75,Hilo,US,19.7297,-155.09,84.27,83,100,4.61,overcast clouds
76,Grand Gaube,MU,-20.0064,57.6608,72.37,50,74,14.0,broken clouds
77,Astana,KZ,51.1801,71.446,66.15,72,75,13.42,light rain
78,Adrar,MR,20.5022,-10.0711,88.99,13,40,17.38,scattered clouds
79,Muros,ES,42.7762,-9.0603,68.16,95,0,2.93,clear sky
80,Atuona,PF,-9.8,-139.0333,77.49,70,3,19.51,clear sky
81,Provideniya,RU,64.3833,-173.3,48.36,87,75,15.99,broken clouds
82,Hamilton,US,39.1834,-84.5333,74.25,96,75,4.61,broken clouds
83,Yanam,IN,16.7333,82.2167,86.25,61,100,11.9,moderate rain
84,Kavieng,PG,-2.5744,150.7967,77.79,86,95,6.24,moderate rain
85,Faanui,PF,-16.4833,-151.75,75.15,75,26,3.06,scattered clouds
86,Valle De Allende,MX,26.9333,-105.4,74.59,42,71,7.29,broken clouds
87,Kununurra,AU,-15.7667,128.7333,94.98,21,48,6.91,scattered clouds
88,Cayenne,GF,4.9333,-52.3333,82.09,1,100,1.14,overcast clouds
89,Tuktoyaktuk,CA,69.4541,-133.0374,46.4,87,100,20.71,overcast clouds
90,San Cristobal,VE,7.7669,-72.225,73.58,96,99,2.98,overcast clouds
91,Saskylakh,RU,71.9167,114.0833,55.22,80,100,9.71,light rain
92,Zemio,CF,5.0314,25.1361,68.95,97,99,2.3,light rain
93,Bathsheba,BB,13.2167,-59.5167,83.01,78,40,11.5,scattered clouds
94,Carnarvon,AU,-24.8667,113.6333,65.73,43,9,17.52,clear sky
95,East London,ZA,-33.0153,27.9116,59.94,72,0,5.75,clear sky
96,Hithadhoo,MV,-0.6,73.0833,81.97,73,42,6.6,scattered clouds
97,Alice Springs,AU,-23.7,133.8833,71.15,30,75,10.36,broken clouds
98,Yellowknife,CA,62.456,-114.3525,55.63,71,66,8.41,broken clouds
99,Bethel,US,41.3712,-73.414,79.16,80,100,0.0,overcast clouds
100,Butaritari,KI,3.0707,172.7902,81.84,75,27,13.06,light rain
101,Agadez,NE,19.75,10.25,85.28,36,29,1.57,scattered clouds
102,Kaitangata,NZ,-46.2817,169.8464,44.01,71,89,5.75,overcast clouds
103,Cherskiy,RU,68.75,161.3,61.97,61,61,10.45,broken clouds
104,Lixourion,GR,38.2019,20.4314,73.4,78,20,0.0,few clouds
105,Bac Lieu,VN,9.285,105.7244,85.82,66,94,16.11,overcast clouds
106,Svetlograd,RU,45.3353,42.8547,81.99,29,0,15.21,clear sky
107,Mount Gambier,AU,-37.8333,140.7667,55.62,61,100,14.0,overcast clouds
108,Valparaiso,CL,-33.0393,-71.6273,51.44,71,0,5.75,clear sky
109,Tasiilaq,GL,65.6145,-37.6368,37.56,90,82,5.68,broken clouds
110,Georgetown,MY,5.4112,100.3354,89.89,67,20,5.75,few clouds
111,Samut Songkhram,TH,13.4,99.9583,87.03,73,100,6.15,overcast clouds
112,Lorengau,PG,-2.0226,147.2712,84.61,69,46,7.34,scattered clouds
113,Saint-Philippe,RE,-21.3585,55.7679,69.39,78,92,17.9,light rain
114,Dongsheng,CN,39.8161,109.9776,74.07,62,80,3.44,broken clouds
115,Jumla,NP,29.2747,82.1838,77.09,63,99,5.08,overcast clouds
116,Butterworth,MY,5.3991,100.3638,89.65,58,20,8.05,haze
117,Olavarria,AR,-36.8927,-60.3225,40.01,79,10,7.11,clear sky
118,Tigil,RU,57.8,158.6667,56.46,91,100,11.3,light rain
119,Port Lincoln,AU,-34.7333,135.8667,59.58,60,89,21.63,overcast clouds
120,Shubarshi,KZ,48.5872,57.1869,80.22,31,2,8.23,clear sky
121,Broome,US,42.2506,-75.833,64.78,94,100,4.61,overcast clouds
122,Cedar City,US,37.6775,-113.0619,66.4,94,0,3.44,clear sky
123,Genhe,CN,50.7833,121.5167,62.24,61,93,6.89,overcast clouds
124,Pedernales,DO,18.0384,-71.744,81.77,69,1,1.9,clear sky
125,La Ronge,CA,55.1001,-105.2842,57.45,62,0,8.05,clear sky
126,Thompson,CA,55.7435,-97.8558,51.96,93,75,9.22,broken clouds
127,Sao Joao Dos Patos,BR,-6.495,-43.7022,68.05,42,2,3.85,clear sky
128,Qaanaaq,GL,77.484,-69.3632,31.24,65,0,5.14,clear sky
129,Deutschlandsberg,AT,46.8153,15.2222,63.91,84,27,2.86,scattered clouds
130,Makakilo City,US,21.3469,-158.0858,80.92,65,0,11.5,clear sky
131,Katsuura,JP,35.1333,140.3,84.52,77,53,20.0,broken clouds
132,Anaco,VE,9.4389,-64.4728,74.41,89,97,7.47,overcast clouds
133,Moyo,UG,3.6609,31.7247,66.74,96,100,0.69,overcast clouds
134,Bambous Virieux,MU,-20.3428,57.7575,71.22,64,75,20.71,broken clouds
135,Xingyi,CN,24.1877,102.817,77.32,52,5,4.56,clear sky
136,Virginia Beach,US,36.8529,-75.978,84.02,86,0,11.5,clear sky
137,Russas,BR,-4.9403,-37.9758,71.44,78,54,4.61,broken clouds
138,Shaoyang,CN,27.2315,111.4525,95.0,41,16,9.13,few clouds
139,Jha Jha,IN,24.7667,86.3667,89.17,61,99,21.52,overcast clouds
140,Albany,US,42.6001,-73.9662,67.17,83,23,2.24,few clouds
141,Saldanha,ZA,-33.0117,17.9442,54.36,93,46,9.8,scattered clouds
142,Salalah,OM,17.0151,54.0924,77.09,100,100,4.61,drizzle
143,Jadu,LY,31.953,12.0261,70.16,56,0,4.25,clear sky
144,Souillac,MU,-20.5167,57.5167,70.18,64,75,20.71,light rain
145,Turayf,SA,31.6725,38.6637,75.45,64,0,12.66,clear sky
146,Bukachacha,RU,52.9833,116.9167,58.44,68,95,9.89,overcast clouds
147,Coihueco,CL,-36.6167,-71.8333,38.14,100,0,0.0,clear sky
148,Novikovo,RU,51.1537,37.8879,72.16,61,86,6.87,overcast clouds
149,Surgana,IN,20.5667,73.6167,75.29,89,100,13.4,overcast clouds
150,Egvekinot,RU,66.3167,-179.1667,58.84,55,87,7.45,overcast clouds
151,Balkanabat,TM,39.5108,54.3671,88.41,39,43,11.88,scattered clouds
152,Isangel,VU,-19.55,169.2667,71.89,71,92,16.73,overcast clouds
153,Mahebourg,MU,-20.4081,57.7,72.25,64,75,20.71,broken clouds
154,Vanimo,PG,-2.6741,141.3028,78.84,82,100,2.62,overcast clouds
155,Bubaque,GW,11.2833,-15.8333,80.08,83,100,10.0,moderate rain
156,Birjand,IR,32.8663,59.2211,82.87,17,0,18.41,clear sky
157,Lipovtsy,RU,44.2014,131.7244,83.37,48,8,10.94,clear sky
158,Saint-Francois,FR,46.4154,3.9054,56.68,82,0,1.14,clear sky
159,Pangnirtung,CA,66.1451,-65.7125,46.24,78,48,3.0,scattered clouds
160,Altay,CN,47.8667,88.1167,85.64,18,43,11.27,scattered clouds
161,Mocuba,MZ,-16.8392,36.9856,65.86,79,0,3.09,clear sky
162,Zhenlai,CN,45.8495,123.2973,81.88,31,32,17.85,scattered clouds
163,Norman Wells,CA,65.282,-126.8329,57.24,88,100,19.57,overcast clouds
164,Ocos,GT,14.5094,-92.1933,75.38,82,100,10.45,overcast clouds
165,Oranjemund,NA,-28.55,16.4333,51.6,93,75,4.74,broken clouds
166,Guerrero Negro,MX,27.9769,-114.0611,73.99,75,64,10.31,broken clouds
167,Marshall,US,34.3834,-86.3333,74.91,95,0,0.0,clear sky
168,Wanaka,NZ,-44.7,169.15,34.16,76,22,2.91,few clouds
169,Muriti,TZ,-1.9833,32.9167,71.22,57,93,17.9,overcast clouds
170,Tautira,PF,-17.7333,-149.15,73.83,80,100,9.51,light rain
171,Alamos,MX,27.0167,-108.9333,71.51,89,100,3.65,overcast clouds
172,Ovalle,CL,-30.5983,-71.2003,59.86,31,89,0.89,overcast clouds
173,Chokurdakh,RU,70.6333,147.9167,67.41,40,2,9.95,clear sky
174,Naruto,JP,34.1833,134.6167,89.58,70,75,14.97,broken clouds
175,Nikolsk,RU,53.7189,46.0712,72.19,62,56,2.24,broken clouds
176,Coquimbo,CL,-29.9533,-71.3436,51.53,100,100,2.3,fog
177,Skibbereen,IE,51.55,-9.2667,57.31,69,0,5.53,clear sky
178,Lebu,CL,-37.6167,-73.65,47.28,80,100,8.3,overcast clouds
179,Mitsamiouli,KM,-11.3847,43.2844,76.26,70,19,5.39,few clouds
180,Jinchang,CN,38.4953,102.1739,80.89,54,45,7.65,scattered clouds
181,Komsomolskiy,UZ,40.4272,71.7189,86.72,25,34,9.22,scattered clouds
182,Trofors,NO,65.5333,13.4063,55.27,96,100,12.06,light rain
183,Ilulissat,GL,69.2167,-51.1,39.22,93,100,8.05,overcast clouds
184,Ulaangom,MN,49.9811,92.0667,76.77,40,8,8.59,clear sky
185,Leshukonskoye,RU,64.8989,45.7622,62.94,56,26,3.02,scattered clouds
186,Dutse,NG,11.7594,9.3392,73.04,82,4,7.76,clear sky
187,Jacareacanga,BR,-6.2222,-57.7528,78.66,59,79,0.94,broken clouds
188,Ocala,US,29.1872,-82.1401,79.05,71,20,4.61,few clouds
189,Saint-Pierre,RE,-21.3393,55.4781,69.91,60,0,27.63,clear sky
190,Klaksvik,FO,62.2266,-6.589,54.52,96,100,27.89,overcast clouds
191,Lukhovitsy,RU,54.9728,39.0361,60.71,97,100,5.01,overcast clouds
192,Nizhniy Bestyakh,RU,61.9594,129.9086,78.28,50,0,6.71,clear sky
193,Loanda,AO,-8.8368,13.2343,66.2,94,40,5.75,scattered clouds
194,Barrow,US,71.2906,-156.7887,41.02,87,100,17.27,light rain
195,Nazarovo,RU,56.0064,90.3914,74.52,49,7,5.19,clear sky
196,Ribeira Grande,PT,38.5167,-28.7,73.13,78,20,3.04,few clouds
197,Yulara,AU,-25.2406,130.9889,55.08,76,100,10.74,overcast clouds
198,Sicamous,CA,50.8331,-118.9856,76.66,46,92,4.03,overcast clouds
199,Aykhal,RU,66.0,111.5,64.47,61,100,10.42,overcast clouds
200,Lompoc,US,34.6391,-120.4579,65.01,88,0,6.91,clear sky
201,Mecca,SA,21.4267,39.8261,89.51,50,79,2.75,broken clouds
202,Grindavik,IS,63.8424,-22.4338,49.95,93,100,18.41,light intensity drizzle
203,Antalaha,MG,-14.9003,50.2788,70.84,75,39,8.97,scattered clouds
204,Kulhudhuffushi,MV,6.6221,73.07,81.14,80,88,13.22,overcast clouds
205,Asau,RO,46.4333,26.4,61.72,97,100,4.79,overcast clouds
206,Tiksi,RU,71.6872,128.8694,59.59,53,44,10.78,scattered clouds
207,Salta,AR,-24.7859,-65.4117,39.58,86,0,4.61,clear sky
208,Alpinopolis,BR,-20.8636,-46.3881,62.82,80,100,5.32,heavy intensity rain
209,Nanortalik,GL,60.1432,-45.2371,41.86,91,91,13.04,overcast clouds
210,Sao Paulo De Olivenca,BR,-3.3783,-68.8725,73.47,90,82,1.54,broken clouds
211,Hami,CN,42.8,93.45,99.5,15,2,6.2,clear sky
212,Zeerust,ZA,-25.5369,26.0751,49.03,43,0,4.12,clear sky
213,Sambava,MG,-14.2667,50.1667,71.13,73,55,13.53,broken clouds
214,Vryburg,ZA,-26.9566,24.7284,49.69,43,0,4.09,clear sky
215,Port Hedland,AU,-20.3167,118.5667,71.65,33,100,14.97,overcast clouds
216,Airai,TL,-8.9266,125.4092,72.88,51,38,4.94,scattered clouds
217,Jogbani,IN,26.4167,87.25,87.89,64,99,23.29,overcast clouds
218,Kavaratti,IN,10.5669,72.642,80.74,82,99,21.56,overcast clouds
219,Lapua,FI,62.9693,23.0088,60.12,78,100,7.27,overcast clouds
220,Matai,TZ,-8.3,31.5167,56.12,61,4,3.42,clear sky
221,Auki,SB,-8.7676,160.7034,81.39,78,68,3.4,light rain
222,Abu Kamal,SY,34.4506,40.9171,84.11,41,0,14.54,clear sky
223,General Roca,AR,-39.0333,-67.5833,41.63,67,100,8.14,overcast clouds
224,Avarua,CK,-21.2078,-159.775,73.45,73,75,6.91,broken clouds
225,Oussouye,SN,12.485,-16.5469,78.04,90,69,5.46,broken clouds
226,Sao Jose Da Coroa Grande,BR,-8.8978,-35.1478,72.0,84,11,5.68,few clouds
227,Santo Estevao,BR,-12.4303,-39.2514,61.0,96,6,2.66,clear sky
228,Sibolga,ID,1.7427,98.7792,85.87,61,100,4.68,overcast clouds
229,Abnub,EG,27.2696,31.1511,85.41,41,0,13.53,clear sky
230,Sfantu Gheorghe,RO,45.8667,25.7833,66.27,91,84,2.04,broken clouds
231,Davidson,US,36.1501,-86.7833,75.92,86,75,5.75,broken clouds
232,Bandarbeyla,SO,9.4942,50.8122,83.59,56,93,29.15,overcast clouds
233,Avanigadda,IN,16.0215,80.9181,87.98,55,95,17.65,overcast clouds
234,Kodiak,US,57.79,-152.4072,54.91,94,100,4.61,light rain
235,Maragogi,BR,-9.0122,-35.2225,71.38,85,18,4.7,few clouds
236,Marsassoum,SN,12.8275,-15.9806,75.87,96,29,4.72,scattered clouds
237,Severo-Kurilsk,RU,50.6789,156.125,55.72,98,100,14.03,overcast clouds
238,Mushie,CD,-3.0167,16.9,72.57,49,28,3.49,scattered clouds
239,Victoria,HK,22.2855,114.1577,84.33,91,100,17.0,light rain
240,Manokwari,ID,-0.8667,134.0833,82.72,73,67,11.5,broken clouds
241,Sao Filipe,CV,14.8961,-24.4956,79.09,87,89,0.76,light rain
242,Do Gonbadan,IR,30.3586,50.7981,96.89,36,20,0.0,few clouds
243,Rosarito,MX,32.3333,-117.0333,76.66,73,92,4.03,overcast clouds
244,Linjiang,CN,41.8069,126.9078,84.52,34,8,6.93,clear sky
245,Patacamaya,BO,-17.2333,-67.9167,38.34,87,6,5.21,clear sky
246,Sovetskiy,RU,61.3614,63.5842,71.44,51,100,5.84,overcast clouds
247,Talnakh,RU,69.4865,88.3972,51.21,61,76,12.53,broken clouds
248,Sorong,ID,-0.8833,131.25,83.26,75,59,4.56,broken clouds
249,Jizan,SA,17.3333,42.6667,86.94,68,81,2.39,broken clouds
250,Mehran,IR,33.1222,46.1646,101.16,13,0,20.24,clear sky
251,Vestmannaeyjar,IS,63.4427,-20.2734,51.71,91,100,21.81,overcast clouds
252,Floro,NO,61.5996,5.0328,62.96,88,75,21.85,broken clouds
253,Hurghada,EG,27.2574,33.8129,88.29,41,0,26.13,clear sky
254,Tomatlan,MX,19.9333,-105.25,76.41,91,63,2.48,broken clouds
255,Jati,PK,24.3539,68.2671,85.73,76,100,4.36,overcast clouds
256,Necochea,AR,-38.5473,-58.7368,42.01,72,48,9.31,scattered clouds
257,Sept-Iles,CA,50.2001,-66.3821,53.6,80,0,4.61,clear sky
258,Nhulunbuy,AU,-12.2333,136.7667,84.81,61,75,13.8,broken clouds
259,Rostovka,RU,55.3842,71.8891,75.24,51,67,10.27,broken clouds
260,Tura,IN,25.5198,90.2201,83.26,68,100,7.65,overcast clouds
261,Saint George,US,37.1041,-113.5841,83.95,48,20,6.91,few clouds
262,Zhigansk,RU,66.7697,123.3711,67.51,52,6,10.87,clear sky
263,Cidreira,BR,-30.1811,-50.2056,55.04,87,100,12.55,moderate rain
264,Meulaboh,ID,4.1363,96.1285,84.72,65,98,4.0,overcast clouds
265,Moron,AR,-34.6534,-58.6198,51.55,74,2,5.68,clear sky
266,Saint-Georges,GD,12.0564,-61.7485,80.28,89,20,12.66,few clouds
267,Saint-Joseph,RE,-21.3667,55.6167,68.38,73,67,18.19,broken clouds
268,Ileza,RU,61.0533,43.9002,58.6,78,85,2.95,overcast clouds
269,Mosquera,CO,4.7059,-74.2302,53.69,87,75,4.61,broken clouds
270,Chimoio,MZ,-19.1164,33.4833,62.46,94,75,2.17,mist
271,Yaan,NG,7.3833,8.5667,72.09,95,100,5.55,overcast clouds
272,Trebon,CZ,49.0036,14.7707,59.58,82,79,0.38,broken clouds
273,La Rioja,ES,42.25,-2.5,56.98,58,2,6.15,clear sky
274,Concarneau,FR,47.875,-3.9225,66.49,76,0,11.05,clear sky
275,Sorland,NO,67.667,12.6934,55.26,96,100,29.86,light rain
276,Churapcha,RU,62.0025,132.4325,66.7,63,100,4.54,overcast clouds
277,Santiago Del Estero,AR,-27.7951,-64.2615,45.07,76,0,6.31,clear sky
278,Farafangana,MG,-22.8167,47.8333,69.04,73,100,13.35,overcast clouds
279,Hasaki,JP,35.7333,140.8333,93.6,79,85,24.61,overcast clouds
280,Tual,ID,-5.6667,132.75,79.61,77,100,9.91,light rain
281,Leh,IN,34.1667,77.5833,68.74,45,20,6.11,few clouds
282,Oksfjord,NO,70.2396,22.3479,55.58,85,95,7.87,overcast clouds
283,Nome,US,64.5011,-165.4064,50.16,81,40,12.66,scattered clouds
284,Kyzyl-Suu,KG,42.3414,78.0056,69.4,58,67,6.55,broken clouds
285,Shipitsyno,RU,61.2806,46.5208,62.94,58,88,3.27,overcast clouds
286,Lavrentiya,RU,65.5833,-171.0,49.75,66,94,9.89,overcast clouds
287,Dovers,VC,12.8833,-61.1833,81.43,80,61,19.19,broken clouds
288,Barcelos,PT,41.5388,-8.6151,72.91,88,0,0.69,clear sky
289,Price,US,39.5994,-110.8107,77.11,23,0,5.75,clear sky
290,Faya,SA,18.3851,42.4509,68.52,73,98,7.58,overcast clouds
291,San Andres,CO,12.5847,-81.7006,82.42,89,75,9.22,broken clouds
292,Nyurba,RU,63.2842,118.3319,70.45,47,21,5.5,few clouds
293,Olafsvik,IS,64.8945,-23.7142,48.38,91,100,17.74,overcast clouds
294,Laguna,US,38.421,-121.4238,73.31,64,0,10.36,clear sky
295,Naze,JP,28.3667,129.4833,88.72,70,24,7.56,few clouds
296,San Patricio,US,28.017,-97.5169,84.88,72,10,10.78,clear sky
297,Saint-Leu,RE,-21.15,55.2833,69.31,67,39,12.8,scattered clouds
298,Kiunga,PG,-6.1219,141.2906,81.72,83,99,3.49,overcast clouds
299,College,US,64.8569,-147.8028,55.38,69,40,5.75,scattered clouds
300,Nemuro,JP,43.3236,145.575,65.57,99,100,10.69,overcast clouds
301,Benevento,IT,41.2179,14.7464,72.46,83,67,4.25,broken clouds
302,Abapo,BO,-18.8333,-63.4667,43.32,81,6,3.53,clear sky
303,Giraltovce,SK,49.114,21.5173,64.58,77,5,7.76,clear sky
304,Kyren,RU,51.6828,102.1408,71.29,57,95,4.07,overcast clouds
305,Dong Hoi,VN,17.4833,106.6,88.74,60,100,7.05,light rain
306,Talara,PE,-4.5772,-81.2719,63.45,87,47,13.6,scattered clouds
307,Mayo,US,38.8876,-76.5119,80.55,89,20,0.0,few clouds
308,Raymondville,US,26.4815,-97.7831,80.71,72,7,10.67,clear sky
309,Caravelas,BR,-17.7125,-39.2481,68.77,87,23,6.31,few clouds
310,Formosa,AR,-26.1775,-58.1781,51.78,93,20,10.36,few clouds
311,Hobyo,SO,5.3505,48.5268,79.11,77,96,24.96,overcast clouds
312,Kilindoni,TZ,-7.9139,39.6668,76.35,69,87,10.58,overcast clouds
313,Atar,MR,20.5169,-13.0499,90.34,13,57,13.38,broken clouds
314,Moerai,PF,-22.4333,-151.3333,71.78,76,5,15.64,clear sky
315,Kalmunai,LK,7.4167,81.8167,89.1,43,99,2.57,overcast clouds
316,Doha,QA,25.2867,51.5333,98.58,48,79,5.75,broken clouds
317,Parker,US,32.7668,-97.8003,80.35,68,97,1.01,overcast clouds
318,Bonthe,SL,7.5264,-12.505,75.58,90,100,6.55,light rain
319,Puke,AL,42.0444,19.8997,63.48,70,14,9.08,few clouds
320,Aasiaat,GL,68.7098,-52.8699,36.68,98,100,8.23,light rain
321,Nikolskoye,RU,59.7035,30.7861,61.81,62,38,1.59,scattered clouds
322,Sitka,US,57.0531,-135.33,57.09,77,100,10.36,overcast clouds
323,Skawina,PL,49.9752,19.8287,62.11,77,0,1.14,clear sky
324,Dhidhdhoo,MV,6.8833,73.1,81.03,80,87,13.29,overcast clouds
325,Liberal,US,37.0431,-100.921,71.74,78,0,4.61,clear sky
326,Munak,IN,29.5187,76.8486,93.24,55,1,6.71,clear sky
327,Hofn,IS,64.2539,-15.2082,52.11,91,91,7.49,overcast clouds
328,Triunfo,BR,-29.9433,-51.7181,51.73,97,100,7.45,moderate rain
329,Laem Sing,TH,12.4816,102.0738,84.54,85,100,9.78,light rain
330,Chicama,PE,-7.8447,-79.1469,62.53,85,23,4.18,few clouds
331,Sabratah,LY,32.7933,12.4885,80.04,71,0,4.16,clear sky
332,Staromyshastovskaya,RU,45.3433,39.0761,77.09,27,1,21.36,clear sky
333,Teya,RU,60.3778,92.6267,67.46,71,100,4.83,overcast clouds
334,Hay River,CA,60.8156,-115.7999,67.98,52,40,11.5,scattered clouds
335,Bogorodskoye,RU,56.55,37.8833,59.49,70,78,6.15,broken clouds
336,Basoko,CD,1.2391,23.616,72.25,78,67,3.4,broken clouds
337,Mabaruma,GY,8.2,-59.7833,74.01,97,100,2.21,overcast clouds
338,Ekhabi,RU,53.5102,142.9671,67.84,67,36,8.1,light rain
339,Chifeng,CN,42.2683,118.9636,92.93,22,0,8.97,clear sky
340,Bengkulu,ID,-3.8004,102.2655,83.43,69,55,5.21,broken clouds
341,Nishihara,JP,26.1842,127.7558,91.06,69,40,11.5,scattered clouds
342,Hervey Bay,AU,-25.2986,152.8535,67.01,64,18,8.99,few clouds
343,Te Anau,NZ,-45.4167,167.7167,41.86,81,53,2.51,broken clouds
344,Narsaq,GL,60.9167,-46.05,46.62,78,100,1.32,overcast clouds
345,Ahipara,NZ,-35.1667,173.1667,55.76,68,76,3.98,broken clouds
346,Kruisfontein,ZA,-34.0033,24.7314,54.88,92,86,7.7,overcast clouds
347,Colares,PT,38.7992,-9.4469,65.79,89,0,8.99,clear sky
348,Kenora,CA,49.8167,-94.4337,63.57,72,20,5.75,few clouds
349,Ahuimanu,US,21.4447,-157.8378,82.11,76,0,11.5,clear sky
350,Mayumba,GA,-3.432,10.6554,68.36,94,22,5.03,few clouds
351,Uray,RU,60.1247,64.7758,72.34,60,89,7.43,overcast clouds
352,Gat,IL,31.61,34.7642,79.48,100,19,1.77,few clouds
353,Ridgecrest,US,35.6225,-117.6709,89.46,23,40,10.36,scattered clouds
354,Krasnokholmskiy,RU,55.9873,55.0466,73.38,71,97,3.29,overcast clouds
355,Poronaysk,RU,49.2167,143.1167,74.35,56,0,10.76,clear sky
356,Staryy Nadym,RU,65.6118,72.6842,59.85,46,49,11.61,scattered clouds
357,Aras,ES,42.5617,-2.356,61.21,77,32,6.91,scattered clouds
358,Washington,US,47.5001,-120.5015,79.57,44,81,3.4,broken clouds
359,Manadhoo,MV,5.7667,73.3833,80.94,81,90,9.17,overcast clouds
360,Rafaela,AR,-31.2503,-61.4867,45.99,65,53,5.14,broken clouds
361,Salmo,CA,49.1999,-117.2689,78.08,56,100,4.34,overcast clouds
362,Darhan,MN,49.4867,105.9228,74.82,46,48,6.44,scattered clouds
363,Dunedin,NZ,-45.8742,170.5036,45.81,61,81,4.0,broken clouds
364,Moyobamba,PE,-6.05,-76.9667,64.62,99,82,0.96,broken clouds
365,Monrovia,LR,6.3005,-10.7969,75.33,87,97,10.07,light rain
366,Asfi,MA,32.2994,-9.2372,66.97,88,0,8.57,clear sky
367,Paka,MY,4.6374,103.4368,89.53,66,40,9.22,scattered clouds
368,Walvis Bay,NA,-22.9575,14.5053,51.1,100,100,1.14,overcast clouds
369,Tahta,EG,26.7693,31.5021,86.74,32,1,11.92,clear sky
370,Stawell,AU,-37.05,142.7667,51.37,65,100,14.5,overcast clouds
371,Mezen,RU,65.8522,44.24,58.57,64,82,4.0,broken clouds
372,Alberton,CA,46.8168,-64.0654,62.73,82,93,11.74,overcast clouds
373,Mount Darwin,ZW,-16.7725,31.5838,55.99,50,0,2.37,clear sky
374,Bambanglipuro,ID,-7.95,110.2833,81.57,76,82,13.53,broken clouds
375,Zhanaozen,KZ,43.3,52.8,85.1,24,60,13.42,broken clouds
376,Vila,PT,42.0304,-8.1588,65.7,66,0,3.62,clear sky
377,Namatanai,PG,-3.6667,152.4333,83.35,69,100,3.29,light rain
378,Lahaina,US,20.8783,-156.6825,80.6,84,54,13.62,broken clouds
379,Llaillay,CL,-32.85,-70.9667,58.24,25,100,1.79,overcast clouds
380,Altona,DE,53.55,9.9333,60.46,91,0,6.91,clear sky
381,Kandrian,PG,-6.2167,149.55,77.85,85,99,9.73,light rain
382,Manzhouli,CN,49.6,117.4333,67.37,43,59,14.76,broken clouds
383,La Troncal,EC,-2.4,-79.3333,71.78,91,67,1.28,broken clouds
384,Leningradskiy,RU,69.3833,178.4167,45.01,88,100,4.9,moderate rain
385,Itacoatiara,BR,-3.1431,-58.4442,75.78,61,75,1.66,broken clouds
386,Husavik,IS,66.0449,-17.3389,52.25,90,100,1.03,overcast clouds
387,Huarmey,PE,-10.0681,-78.1522,61.72,88,14,6.93,few clouds
388,Ust-Nera,RU,64.5667,143.2,75.09,43,100,0.51,overcast clouds
389,Padang,ID,-0.9492,100.3543,87.85,65,82,5.44,broken clouds
390,Sitges,ES,41.2351,1.8119,82.0,51,5,5.03,clear sky
391,Mitu,CO,1.1983,-70.1733,71.15,99,99,1.3,overcast clouds
392,Namibe,AO,-15.1961,12.1522,61.66,91,42,3.11,scattered clouds
393,Manavalakurichi,IN,8.1333,77.3,80.51,80,100,14.2,overcast clouds
394,Shakawe,BW,-18.3667,21.85,51.76,22,0,3.44,clear sky
395,Vaitape,PF,-16.5167,-151.75,75.09,76,22,3.22,few clouds
396,Borba,BR,-4.3878,-59.5939,76.35,60,65,1.92,broken clouds
397,Corinth,GR,37.9407,22.9573,85.89,43,0,5.39,clear sky
398,Henties Bay,NA,-22.116,14.2845,52.11,94,8,5.99,clear sky
399,Kentau,KZ,43.5206,68.5094,79.7,25,0,6.78,clear sky
400,Hokitika,NZ,-42.7167,170.9667,46.69,66,0,3.78,clear sky
401,Angoram,PG,-4.0625,144.0661,85.84,67,89,6.08,overcast clouds
402,Sinnamary,GF,5.3833,-52.95,77.99,88,69,10.69,broken clouds
403,Phetchabun,TH,16.25,101.0833,88.07,77,89,8.7,overcast clouds
404,Zyryanka,RU,65.75,150.85,80.58,39,58,7.72,broken clouds
405,Coihaique,CL,-45.5752,-72.0662,42.75,75,20,6.91,few clouds
406,Belyy Yar,RU,53.6039,91.3903,78.69,36,0,6.71,clear sky
407,Sinop,TR,41.7711,34.8709,70.23,60,0,4.16,clear sky
408,Geraldton,AU,-28.7667,114.6,61.21,67,100,10.36,overcast clouds
409,Mildura,AU,-34.2,142.15,58.06,55,100,15.97,moderate rain
410,Plyussa,RU,58.4308,29.3654,58.84,74,9,1.43,clear sky
411,Verkh-Chebula,RU,56.0308,87.6218,74.57,51,26,5.57,scattered clouds
412,Bonavista,CA,48.6499,-53.1147,55.51,90,100,19.75,light rain
413,Marzuq,YE,14.4,46.4667,78.62,55,99,6.85,overcast clouds
414,Iqaluit,CA,63.7506,-68.5145,45.7,81,20,3.44,few clouds
415,Galle,LK,6.0367,80.217,81.55,75,100,11.63,overcast clouds
416,Bolokhovo,RU,54.0936,37.8183,64.94,98,100,8.01,overcast clouds
417,Panacan,PH,9.2463,118.4082,85.69,68,66,7.34,broken clouds
418,Anadyr,RU,64.75,177.4833,68.5,52,0,13.0,clear sky
419,Coxim,BR,-18.5067,-54.76,57.49,84,99,2.62,overcast clouds
420,Dingzhou,CN,38.5131,114.9956,75.31,76,81,6.29,broken clouds
421,The Pas,CA,53.8251,-101.2541,59.02,72,0,8.05,clear sky
422,Moose Factory,CA,51.2585,-80.6094,66.2,88,20,8.05,few clouds
423,Orocue,CO,4.7912,-71.3354,73.76,94,99,5.1,overcast clouds
424,San Jose,US,37.3394,-121.895,67.05,75,20,6.91,few clouds
425,Bilibino,RU,68.0546,166.4372,67.23,74,94,9.89,light rain
426,Rawson,AR,-43.3002,-65.1023,48.54,50,95,6.55,overcast clouds
427,Okitipupa,NG,6.5047,4.7839,71.29,98,71,2.59,broken clouds
428,Poso,ID,-1.3959,120.7524,86.05,66,63,4.81,broken clouds
429,Champerico,GT,14.3,-91.9167,78.1,82,99,8.7,overcast clouds
430,Chernyshevskiy,RU,63.0128,112.4714,65.84,55,97,5.41,overcast clouds
431,Noumea,NC,-22.2763,166.4572,69.78,62,14,14.83,few clouds
432,Finschhafen,PG,-6.6024,147.8681,81.63,76,100,12.3,overcast clouds
433,Ternate,ID,0.8,127.4,82.54,74,94,4.83,overcast clouds
434,Zhumadian,CN,32.9794,114.0294,90.59,58,99,5.46,overcast clouds
435,Cockburn Town,TC,21.4612,-71.1419,81.0,81,0,18.9,clear sky
436,Umea,SE,63.8284,20.2597,60.73,94,0,5.75,light rain
437,Half Moon Bay,US,37.4636,-122.4286,66.54,86,75,9.22,broken clouds
438,Kampene,CD,-3.6,26.6667,68.61,52,51,1.92,broken clouds
439,Cotoca,BO,-17.8167,-63.05,60.66,48,0,12.5,clear sky
440,Lalsk,RU,60.7415,47.5862,53.13,97,100,4.25,overcast clouds
441,Kurgan,RU,55.45,65.3333,76.87,53,63,9.51,broken clouds
442,Nouadhibou,MR,20.931,-17.0347,73.38,78,3,18.41,clear sky
443,High Prairie,CA,55.4334,-116.4858,55.17,77,3,5.84,clear sky
444,Kailua,US,21.4022,-157.7394,82.38,77,0,11.5,clear sky
445,Kupang,ID,-10.1667,123.5833,91.98,52,20,17.27,few clouds
446,Tabuk,PH,17.4189,121.4443,87.39,67,100,6.44,light rain
447,Mogadishu,SO,2.0371,45.3438,78.67,78,75,13.8,broken clouds
448,Buraydah,SA,26.326,43.975,95.45,16,10,10.65,clear sky
449,Evensk,RU,61.95,159.2333,61.45,74,100,6.15,overcast clouds
450,Valmiera,LV,57.5411,25.4275,65.41,74,40,0.07,scattered clouds
451,Deniliquin,AU,-35.5333,144.9667,57.61,50,95,11.07,overcast clouds
452,Praia Da Vitoria,PT,38.7333,-27.0667,70.05,88,40,8.1,scattered clouds
453,Baykit,RU,61.67,96.37,73.02,46,40,1.72,scattered clouds
454,Ajaccio,FR,42.0,8.9167,69.85,73,0,4.61,clear sky
455,Neuquen,AR,-38.9516,-68.0591,45.43,67,100,4.74,overcast clouds
456,Kristiinankaupunki,FI,62.2743,21.376,62.31,83,100,10.31,overcast clouds
457,Isaka,TZ,-3.9,32.9333,62.69,55,71,8.48,broken clouds
458,Punganuru,IN,13.3667,78.5833,79.5,58,100,23.24,overcast clouds
459,Qui Nhon,VN,13.7667,109.2333,86.65,61,98,17.43,overcast clouds
460,Vrangel,RU,42.7297,133.0839,72.7,74,0,10.74,clear sky
461,Umm Lajj,SA,25.0213,37.2685,87.87,75,60,7.2,broken clouds
462,Kiyasovo,RU,56.3491,53.1244,72.14,71,96,2.89,overcast clouds
463,Kamenka,RU,51.3223,42.7678,79.29,35,55,7.25,broken clouds
464,Morros,BR,-9.4467,-46.3003,68.81,36,0,3.65,clear sky
465,Port Hardy,CA,50.6996,-127.4199,55.58,94,0,6.91,fog
466,Dubai,AE,25.2582,55.3047,102.49,34,0,10.36,clear sky
467,Benito Juarez,MX,19.385,-99.165,59.0,87,100,1.99,overcast clouds
468,Quthing,LS,-30.4,27.7003,44.92,57,13,1.57,few clouds
469,Yumen,CN,40.2833,97.2,87.17,33,8,18.99,clear sky
470,Paamiut,GL,61.994,-49.6678,42.31,86,99,4.0,overcast clouds
471,Taoudenni,ML,22.6783,-3.9836,91.78,36,0,7.87,clear sky
472,Abu Dhabi,AE,24.4667,54.3667,102.31,53,0,5.75,clear sky
473,Fare,PF,-16.7,-151.0167,74.89,76,47,4.36,light rain
474,Flinders,AU,-34.5833,150.8552,63.18,69,59,1.99,broken clouds
475,Alta Floresta,BR,-9.8756,-56.0861,72.41,83,29,5.5,scattered clouds
476,Pemba,MZ,-12.974,40.5178,68.7,100,75,5.75,broken clouds
477,Boulder,US,40.0833,-105.3505,71.96,53,0,4.0,clear sky
478,Balkhash,KZ,46.844,74.9804,75.81,53,0,8.95,clear sky
479,Kiruna,SE,67.8557,20.2251,50.92,87,0,6.91,clear sky
480,Yining,CN,29.0361,114.5636,101.57,36,98,2.98,overcast clouds
481,Linhares,BR,-19.3911,-40.0722,66.29,93,96,3.44,overcast clouds
482,Bud,US,39.447,-86.1758,71.62,96,80,5.53,broken clouds
483,Dubti,ET,11.7361,41.0853,77.72,77,100,3.02,light rain
484,Kiama,AU,-34.6833,150.8667,63.37,68,58,1.99,broken clouds
485,Umuarama,BR,-23.7664,-53.325,51.06,82,68,14.81,broken clouds
486,Aklavik,CA,68.2191,-135.0107,47.16,64,99,6.85,overcast clouds
487,Arman,RU,59.7,150.1667,61.02,86,100,12.06,light rain
488,Teyateyaneng,LS,-29.1472,27.7489,42.44,54,1,2.77,clear sky
489,Rawlins,US,41.7911,-107.2387,73.35,33,0,8.05,clear sky
490,Wanlaweyn,SO,2.6185,44.8938,77.36,77,93,18.07,overcast clouds
491,Aljezur,PT,37.3191,-8.8033,61.52,92,0,2.46,clear sky
492,Soyo,AO,-6.1349,12.3689,68.86,92,39,8.41,scattered clouds
493,Rock Sound,BS,24.9,-76.2,82.78,78,32,17.38,scattered clouds
494,Conceicao Do Araguaia,BR,-8.2578,-49.2647,73.2,42,6,3.18,clear sky
495,Maldonado,UY,-34.6667,-54.9167,40.23,91,2,1.68,clear sky
496,Roald,NO,62.5833,6.1333,66.33,77,75,25.32,broken clouds
497,Sabya,SA,17.1495,42.6254,87.42,67,79,1.61,broken clouds
498,Concepcion Del Uruguay,AR,-32.4825,-58.2372,45.99,87,1,1.99,clear sky
499,Sao Felix Do Xingu,BR,-6.6447,-51.995,71.62,53,5,1.16,clear sky
500,Jiwani,PK,25.05,61.7417,87.35,67,100,5.35,overcast clouds
501,New Philadelphia,US,40.4898,-81.4457,71.46,88,100,0.0,overcast clouds
502,Salinopolis,BR,-0.6136,-47.3561,77.61,87,30,10.13,scattered clouds
503,Dicabisagan,PH,17.0818,122.4157,86.11,72,100,9.28,overcast clouds
504,Yar-Sale,RU,66.8333,70.8333,58.64,49,7,11.77,clear sky
505,Rondonopolis,BR,-16.4708,-54.6356,61.12,87,100,6.46,overcast clouds
506,Maba,CN,24.6841,113.5984,80.31,86,98,1.99,overcast clouds
507,Touros,BR,-5.1989,-35.4608,71.42,90,5,10.63,clear sky
508,Mana,GF,5.6592,-53.7767,77.56,89,21,11.25,few clouds
509,Campbell River,CA,50.0163,-125.2446,71.13,70,1,3.87,clear sky
510,Bani Walid,LY,31.7566,13.9942,73.94,87,0,4.74,clear sky
511,Nalbari,IN,26.4456,91.4354,82.38,78,100,8.66,light rain
512,Menongue,AO,-14.6585,17.691,48.74,36,0,3.31,clear sky
513,Caluquembe,AO,-13.7833,14.6833,52.38,24,0,4.97,clear sky
514,Goksun,TR,38.021,36.4973,73.78,44,0,4.09,clear sky
515,Mayor Pablo Lagerenza,PY,-19.9309,-60.7718,54.57,51,0,6.78,clear sky
516,Acari,PE,-15.4311,-74.6158,63.12,73,51,2.82,broken clouds
517,Vardo,NO,70.3705,31.1107,53.58,87,100,9.22,overcast clouds
518,Vila Velha,BR,-20.3297,-40.2925,73.35,87,40,9.22,scattered clouds
519,Upata,VE,8.0086,-62.3989,73.18,98,99,2.37,overcast clouds
520,Port Blair,IN,11.6667,92.75,86.04,70,75,17.27,light rain
521,Darfield,GB,53.5339,-1.376,60.84,83,9,2.89,clear sky
522,Tiarei,PF,-17.5333,-149.3333,73.0,79,98,7.0,light rain
523,Corowa,AU,-36.0333,146.3833,57.58,66,100,10.56,overcast clouds
524,Ponnampet,IN,12.15,75.9333,71.55,82,98,9.17,overcast clouds
525,Kaliua,TZ,-5.0606,31.7936,63.9,46,71,7.2,broken clouds
526,Trenggalek,ID,-8.05,111.7167,82.13,75,93,7.38,overcast clouds
527,Russell,US,32.3502,-85.1999,73.0,94,40,4.61,scattered clouds
528,Trinidad,BO,-14.8333,-64.9,62.8,61,97,7.36,overcast clouds
529,Mahajanga,MG,-15.7167,46.3167,73.42,53,0,5.75,clear sky
530,Hopatcong,US,40.9329,-74.6593,78.49,87,51,0.0,broken clouds
531,Alpena,US,45.0617,-83.4327,60.12,91,0,3.44,clear sky
532,Xinxiang,CN,35.3089,113.8672,81.18,67,96,3.56,overcast clouds
533,Victor Harbor,AU,-35.5667,138.6167,57.0,76,100,19.39,overcast clouds
534,Kristinehamn,SE,59.3098,14.1081,57.76,85,100,9.71,overcast clouds
535,Purpe,RU,64.4803,76.6897,66.29,50,11,10.63,few clouds
536,Oyek,RU,52.5861,104.4556,64.78,49,97,1.9,overcast clouds
537,Preobrazheniye,RU,42.9019,133.9064,75.99,65,0,13.82,clear sky
538,Belmonte,BR,-15.8631,-38.8828,70.09,82,61,6.4,broken clouds
539,Narsipatnam,IN,17.6667,82.6167,83.5,71,100,13.35,overcast clouds
540,Svetlaya,RU,46.5389,138.3297,73.0,61,9,14.47,clear sky
541,Tabou,CI,4.423,-7.3528,74.8,77,100,8.66,overcast clouds
542,Kitama,TZ,-10.7167,39.7333,68.11,80,9,2.68,clear sky
543,Pareora,NZ,-44.4871,171.2132,42.19,55,20,7.02,few clouds
544,Cairns,AU,-16.9167,145.7667,80.11,60,40,16.11,scattered clouds
545,Gao,ML,16.6362,1.637,85.8,48,87,4.88,overcast clouds
546,Parabel,RU,58.6978,81.4825,77.47,54,68,6.02,broken clouds
547,Tanggu,CN,39.0211,117.6469,84.16,56,7,7.92,clear sky
548,Hirara,JP,24.8,125.2833,86.27,79,40,6.91,scattered clouds
549,Ola,RU,59.5833,151.2833,61.14,85,100,20.85,overcast clouds
550,Griffith,US,41.5284,-87.4237,65.89,94,0,0.0,clear sky
551,Chute-Aux-Outardes,CA,49.1168,-68.399,48.18,93,0,0.0,clear sky
552,Yashkul,RU,46.1711,45.3435,87.33,25,0,8.23,clear sky
553,Baghdad,IQ,33.3406,44.4009,91.31,33,0,23.02,clear sky
554,Puerto Escondido,MX,15.85,-97.0667,79.52,83,100,3.13,overcast clouds
555,Poum,NC,-20.2333,164.0167,71.53,56,7,23.02,clear sky
556,Haines Junction,CA,60.7522,-137.5108,55.35,54,97,9.22,overcast clouds
557,Kargasok,RU,59.0556,80.8572,78.6,51,14,6.49,few clouds
558,Clyde River,CA,70.4692,-68.5914,39.43,75,0,11.5,clear sky
559,Marsh Harbour,BS,26.5412,-77.0636,82.85,76,33,14.72,scattered clouds
560,Araouane,ML,18.9048,-3.5265,85.17,55,58,17.83,broken clouds
561,Dingle,PH,10.9995,122.6711,84.13,75,98,3.22,overcast clouds
562,Kosh-Agach,RU,50.0,88.6667,66.31,39,26,0.74,scattered clouds
563,Goderich,CA,43.7501,-81.7165,57.9,100,2,3.44,clear sky
564,Amapa,BR,1.0,-52.0,69.48,97,23,1.25,few clouds
565,Romans-Sur-Isere,FR,45.0464,5.0562,70.84,65,71,3.78,broken clouds
566,Ures,MX,29.4333,-110.4,73.85,88,100,7.11,light rain
567,Canchungo,GW,12.0672,-16.0333,76.32,94,70,4.76,broken clouds
568,Weligama,LK,5.9667,80.4167,82.94,70,100,12.59,overcast clouds
569,Rocha,UY,-34.4833,-54.3333,41.29,88,2,2.44,clear sky
570,Aldan,RU,58.6031,125.3894,50.32,98,100,3.49,light rain
571,Mamallapuram,IN,12.6264,80.1722,93.25,51,76,15.08,broken clouds
572,Acucena,BR,-19.0731,-42.5464,64.92,78,97,2.71,overcast clouds
573,Portland,US,45.5234,-122.6762,78.75,72,100,5.75,overcast clouds
574,Juba,SS,4.8517,31.5825,71.2,92,100,2.82,light rain
575,Boyolangu,ID,-8.1181,111.8935,82.47,72,88,10.33,overcast clouds
576,Aitape,PG,-3.1374,142.3475,83.12,73,95,4.94,overcast clouds
577,Berlevag,NO,70.8578,29.0864,53.55,76,75,1.14,broken clouds
578,Mackenzie,CA,55.2999,-123.1698,61.02,67,0,2.3,clear sky
579,Hualmay,PE,-11.0964,-77.6139,61.0,83,33,7.07,scattered clouds
580,Fonte Boa,BR,-2.4959,-66.2662,72.86,90,15,1.74,few clouds
581,Lakatoro,VU,-16.0999,167.4164,79.36,79,31,9.66,scattered clouds
582,Eydhafushi,MV,5.1033,73.0708,80.96,79,65,8.21,broken clouds
583,Cukai,MY,4.25,103.4167,89.55,60,81,7.65,broken clouds
584,Zheleznodorozhnyy,RU,55.7503,38.0042,64.62,83,98,7.47,overcast clouds
585,Najran,SA,17.4924,44.1277,86.65,44,93,8.97,overcast clouds
586,Burnie,AU,-41.0667,145.9167,50.94,68,87,10.16,overcast clouds
587,Osakarovka,KZ,50.565,72.5692,58.32,93,100,10.31,overcast clouds
588,Igarka,RU,67.4667,86.5833,59.18,48,31,15.59,scattered clouds
589,Goundam,ML,16.4145,-3.6708,82.9,57,96,10.27,light rain
590,Rio Gallegos,AR,-51.6226,-69.2181,39.25,87,0,4.61,clear sky
591,Kem,RU,64.9555,34.5793,57.79,68,100,4.63,overcast clouds
592,Carlagan,PH,14.975,122.0456,85.55,71,95,4.61,overcast clouds
593,Porto Novo,BJ,6.4965,2.6036,75.02,89,60,6.46,broken clouds
594,Lima,PE,-12.0432,-77.0282,58.89,86,100,2.3,overcast clouds
595,Beloha,MG,-25.1667,45.05,66.99,76,0,11.74,clear sky
596,Orimattila,FI,60.8049,25.7296,62.31,58,52,3.4,broken clouds
597,Sokolo,ML,14.7328,-6.1219,77.04,81,100,2.06,light rain
598,Aktau,KZ,43.65,51.2,84.45,42,14,5.01,few clouds
599,Erenhot,CN,43.6475,111.9767,90.75,20,2,10.45,clear sky
600,Pokhara,NP,28.2333,83.9833,79.86,87,86,4.47,overcast clouds
601,Coos Bay,US,43.3665,-124.2179,62.31,91,100,6.91,overcast clouds
602,Avera,US,33.194,-82.5271,74.55,74,100,5.44,overcast clouds
603,Muroto,JP,33.2833,134.15,85.46,74,82,8.28,broken clouds
604,Bijar,IR,35.8668,47.6051,67.59,53,0,8.95,clear sky
605,Berezovyy,RU,51.6667,135.7,67.41,65,100,5.97,overcast clouds
606,Kaeo,NZ,-35.1,173.7833,57.33,71,48,2.77,scattered clouds
607,Turukhansk,RU,65.8167,87.9833,65.46,46,35,16.13,scattered clouds
608,Shimoda,JP,34.6667,138.95,93.11,78,92,13.58,overcast clouds
609,Davila,PH,18.4726,120.5763,85.98,78,99,9.84,overcast clouds
610,Kijang,KR,35.2442,129.2139,87.53,77,100,11.59,overcast clouds
611,Urusha,RU,54.05,122.9,60.98,65,99,9.48,overcast clouds
612,Ulundi,ZA,-28.3352,31.4162,54.77,82,0,5.06,clear sky
613,Zwedru,LR,6.0667,-8.1281,70.23,92,100,2.62,overcast clouds
614,Sheopur,IN,25.6667,76.7,91.02,57,7,12.97,clear sky
615,Srednekolymsk,RU,67.45,153.6833,78.37,37,10,5.21,clear sky
616,Ostrovnoy,RU,68.0531,39.5131,53.87,77,99,12.24,overcast clouds
617,Tuatapere,NZ,-46.1333,167.6833,44.69,79,100,1.16,overcast clouds
618,Sur,OM,22.5667,59.5289,90.39,56,100,8.93,overcast clouds
619,Paengaroa,NZ,-37.8167,176.4167,55.62,67,84,1.01,broken clouds
620,Seinajoki,FI,62.7945,22.8282,60.98,86,100,6.91,overcast clouds
621,Chapais,CA,49.7834,-74.8492,56.98,84,0,6.31,clear sky
622,Sardinata,CO,8.0829,-72.8007,80.28,92,93,3.74,overcast clouds
623,Lerida,ES,41.6167,0.6167,70.0,72,0,3.44,clear sky
624,Watertown,US,42.3709,-71.1828,70.57,87,100,10.36,overcast clouds
625,Poplar Bluff,US,36.757,-90.3929,75.33,92,75,3.44,moderate rain
626,Mawlaik,MM,23.6333,94.4167,81.95,88,100,0.92,moderate rain
627,Nalut,LY,30.3333,10.85,75.9,60,0,9.06,clear sky
628,West Helena,US,34.5507,-90.6418,74.88,97,57,9.48,broken clouds
629,Lata,PT,40.1629,-8.3327,63.57,88,0,3.29,clear sky
630,Formosa Do Rio Preto,BR,-11.0483,-45.1931,66.9,34,1,2.73,clear sky
631,Alexandria,EG,31.2156,29.9553,80.67,69,0,6.26,clear sky
632,Yangambi,CD,0.8102,24.4336,71.8,78,63,1.3,broken clouds
633,Skjervoy,NO,70.0311,20.9714,51.8,78,85,10.85,overcast clouds
634,Dumka,IN,24.2667,87.25,86.61,67,99,22.82,overcast clouds
635,Westport,US,41.1415,-73.3579,79.29,76,0,5.99,clear sky
636,Santa Rosalia,MX,27.3167,-112.2833,81.77,63,81,6.96,broken clouds
637,Dasoguz,TM,41.8363,59.9666,84.15,24,0,9.22,clear sky
638,Narasannapeta,IN,18.4167,84.05,81.43,77,98,11.86,overcast clouds
639,Lages,BR,-27.8161,-50.3261,49.68,92,100,6.17,overcast clouds
640,Dalby,AU,-27.1833,151.2667,65.14,39,3,10.78,clear sky
641,Norwich,GB,52.6278,1.2983,58.86,96,100,2.3,fog
642,Bennington,US,42.8781,-73.1968,65.48,94,0,0.0,clear sky
643,Tateyama,JP,34.9833,139.8667,83.46,81,46,20.29,scattered clouds
644,Tumba,SE,59.1986,17.8332,61.29,80,0,5.75,clear sky
645,Takanabe,JP,32.1333,131.5,89.49,69,90,7.83,overcast clouds
646,Pryazha,RU,61.6926,33.6216,58.24,61,91,3.22,overcast clouds
647,Chardara,KZ,41.2547,67.9692,83.62,27,6,11.12,clear sky
648,Mareeba,AU,-17.0,145.4333,74.12,61,4,9.13,clear sky
649,Bonoua,CI,5.2741,-3.595,74.82,85,99,7.54,overcast clouds
650,Pierre,US,44.3683,-100.351,74.32,74,0,8.05,clear sky
651,Kinkala,CG,-4.3614,14.7644,65.8,84,2,5.08,clear sky
652,Alofi,NU,-19.0595,-169.9187,76.89,78,6,5.75,clear sky
653,Luau,AO,-10.7073,22.2247,57.04,36,0,4.83,clear sky
654,Asmar,AF,35.0333,71.3581,88.16,54,0,4.83,clear sky
655,Saint-Donat-De-Montcalm,CA,46.3187,-74.2219,58.86,98,85,1.5,overcast clouds
656,Derzhavinsk,KZ,51.1,66.3167,74.66,43,32,15.79,scattered clouds
657,Warwick,US,41.7001,-71.4162,74.39,87,100,11.5,overcast clouds
658,Ibotirama,BR,-12.1853,-43.2206,67.57,35,3,2.15,clear sky
659,Petropavlovsk-Kamchatskiy,RU,53.0452,158.6483,54.19,100,100,13.42,light intensity shower rain
660,Livno,BA,43.8269,17.0078,62.01,92,97,6.76,overcast clouds
661,Dudinka,RU,69.4058,86.1778,51.62,62,46,12.86,scattered clouds
662,Lucapa,AO,-8.4192,20.7447,59.54,32,3,4.79,clear sky
663,Kokopo,PG,-4.352,152.2633,84.11,66,100,6.64,light rain
664,Kumbo,CM,6.2,10.6667,58.41,97,100,3.29,overcast clouds
665,Novosokolniki,RU,56.3463,30.1578,56.5,90,18,5.73,few clouds
666,Gillette,US,44.2911,-105.5022,75.81,36,0,6.91,clear sky
667,Ghatanji,IN,20.1333,78.3167,74.5,94,100,14.85,moderate rain
668,Biak,ID,-0.9131,122.8766,79.65,84,48,7.67,scattered clouds
669,Nanchang,CN,28.6833,115.8833,99.57,38,100,6.82,overcast clouds
670,Lakes Entrance,AU,-37.8811,147.981,54.16,60,100,10.89,overcast clouds
671,Dnestrovsc,MD,46.6222,29.9133,66.36,64,100,16.75,overcast clouds
672,Viru,PE,-8.4167,-78.75,63.79,80,24,2.28,few clouds
673,Shingu,JP,33.7333,135.9833,87.39,74,81,10.38,broken clouds
674,Hattem,NL,52.475,6.0639,58.91,95,65,5.84,broken clouds
675,Catamarca,AR,-28.4696,-65.7852,51.78,50,5,4.0,clear sky
676,Dekar,BW,-21.5333,21.9333,49.55,19,1,2.08,clear sky
677,Chemal,RU,51.4111,86.005,79.41,46,4,1.5,clear sky
678,Plast,RU,54.3691,60.8136,72.81,55,13,5.37,few clouds
679,Bairiki,KI,1.3292,172.9752,84.2,74,40,14.97,scattered clouds
680,Dusti,TJ,37.3481,68.664,92.03,13,0,5.48,clear sky
681,Ouesso,CG,1.6136,16.0517,71.08,84,97,0.76,overcast clouds
682,Fairbanks,US,64.8378,-147.7164,55.4,70,20,5.75,few clouds
683,Loa Janan,ID,-0.583,117.095,81.5,83,79,2.46,light rain
684,Aborlan,PH,9.4352,118.5492,86.07,70,77,6.58,broken clouds
685,Suntar,RU,62.1444,117.6319,71.6,46,75,6.89,broken clouds
686,Awjilah,LY,29.1081,21.2869,78.58,66,0,9.22,clear sky
687,Jieshi,CN,22.8134,115.8257,82.47,80,100,20.18,light rain
688,Moratuwa,LK,6.773,79.8816,84.22,71,99,8.08,overcast clouds
689,Inhambane,MZ,-23.865,35.3833,58.98,88,20,4.61,few clouds
690,Bardiyah,LY,31.7561,25.0865,78.3,76,0,17.31,clear sky
691,Soc Trang,VN,9.6033,105.98,86.13,65,93,14.9,overcast clouds
692,Tiznit,MA,29.5833,-9.5,66.49,77,0,1.05,clear sky
693,Tromso,NO,69.6496,18.957,54.37,87,75,2.3,light intensity shower rain
694,Kungurtug,RU,50.5994,97.5228,55.89,94,97,0.85,overcast clouds
695,Shchelkun,RU,56.3034,60.9483,80.17,56,56,3.0,broken clouds
696,Yanai,JP,33.9667,132.1167,91.4,66,95,7.58,overcast clouds
697,Flin Flon,CA,54.7682,-101.865,46.87,82,13,7.36,few clouds
698,Kushima,JP,31.4583,131.2333,87.03,72,74,5.39,broken clouds
699,Aksaray,TR,38.3726,34.0254,76.19,42,0,7.11,clear sky
700,La Palma,US,33.8464,-118.0467,84.96,73,0,4.61,clear sky
701,Asilah,MA,35.465,-6.0348,71.56,84,99,6.06,overcast clouds
702,Hashtrud,IR,37.4779,47.0508,67.8,54,0,7.2,clear sky
703,Juigalpa,NI,12.1063,-85.3645,75.43,90,98,10.09,overcast clouds
704,Kemijarvi,FI,66.7131,27.4306,55.02,94,99,8.99,overcast clouds
705,Bangassou,CF,4.7413,22.8184,70.48,93,51,1.05,broken clouds
706,Safaga,EG,26.7292,33.9365,90.01,37,0,15.01,clear sky
707,Crotone,IT,39.0851,17.1178,77.2,61,1,11.39,clear sky
708,Gizo,SB,-8.103,156.8419,82.96,71,84,1.12,light rain
709,Winslow,US,35.0242,-110.6974,73.58,68,0,10.36,clear sky
710,Qaqortoq,GL,60.7167,-46.0333,41.59,88,99,2.37,overcast clouds
711,Piedade,BR,-23.7119,-47.4278,59.49,99,100,9.37,overcast clouds
712,Jodar,ES,37.8406,-3.3526,73.72,49,6,4.0,clear sky
713,Mao,ES,39.8885,4.2658,73.96,83,0,0.0,clear sky
714,Kudahuvadhoo,MV,2.6708,72.8944,81.64,74,90,4.05,overcast clouds
